{"cameraMode":{"drawMode":0,"name":"Shaded","section":"Shading Mode"},"sceneLighting":true,"audioPlay":false,"sceneViewState":{"showFog":false,"showMaterialUpdate":false,"showSkybox":false,"showFlares":false,"showImageEffects":false,"showParticleSystems":false},"in2DMode":false,"pivot":{"x":3.233588218688965,"y":-5.573629379272461,"z":54.63086700439453},"rotation":{"x":-0.14428313076496125,"y":-0.1880122274160385,"z":0.027094880118966104,"w":-0.971389889717102},"size":22.119644165039064,"orthographic":false}