{"cameraMode":{"drawMode":0,"name":"Shaded","section":"Shading Mode"},"sceneLighting":false,"audioPlay":false,"sceneViewState":{"showFog":false,"showMaterialUpdate":false,"showSkybox":false,"showFlares":false,"showImageEffects":false,"showParticleSystems":false},"in2DMode":false,"pivot":{"x":-0.6199072003364563,"y":0.2780543267726898,"z":-1.207326889038086},"rotation":{"x":0.08652865886688233,"y":0.26939332485198977,"z":-0.02431013435125351,"w":0.9588295817375183},"size":0.8878335356712341,"orthographic":false}