{"cameraMode":{"drawMode":0,"name":"Shaded","section":"Shading Mode"},"sceneLighting":true,"audioPlay":false,"sceneViewState":{"showFog":false,"showMaterialUpdate":false,"showSkybox":false,"showFlares":false,"showImageEffects":false,"showParticleSystems":false},"in2DMode":false,"pivot":{"x":2.836726427078247,"y":-2.1949615478515627,"z":75.05272674560547},"rotation":{"x":-0.2008868306875229,"y":-0.2924763262271881,"z":0.06212069094181061,"w":-0.9331353306770325},"size":13.767934799194336,"orthographic":false}