{"cameraMode":{"drawMode":0,"name":"Shaded","section":"Shading Mode"},"sceneLighting":false,"audioPlay":false,"sceneViewState":{"showFog":false,"showMaterialUpdate":false,"showSkybox":false,"showFlares":false,"showImageEffects":false,"showParticleSystems":false},"in2DMode":false,"pivot":{"x":-1.569481372833252,"y":0.30217671394348147,"z":-1.077493667602539},"rotation":{"x":-0.07831989973783493,"y":0.3078729510307312,"z":-0.02564373053610325,"w":-0.9479260444641113},"size":8.06870174407959,"orthographic":false}