{"cameraMode":{"drawMode":0,"name":"Shaded","section":"Shading Mode"},"sceneLighting":false,"audioPlay":false,"sceneViewState":{"showFog":false,"showMaterialUpdate":false,"showSkybox":false,"showFlares":false,"showImageEffects":false,"showParticleSystems":false},"in2DMode":false,"pivot":{"x":8.986467361450196,"y":0.3847397267818451,"z":-6.176733016967773},"rotation":{"x":-0.1411016583442688,"y":-0.6368134617805481,"z":0.11956920474767685,"w":-0.7486686110496521},"size":1.7999825477600098,"orthographic":false}