{"cameraMode":{"drawMode":0,"name":"Shaded","section":"Shading Mode"},"sceneLighting":true,"audioPlay":false,"sceneViewState":{"showFog":false,"showMaterialUpdate":false,"showSkybox":false,"showFlares":false,"showImageEffects":false,"showParticleSystems":false},"in2DMode":false,"pivot":{"x":14.130531311035157,"y":-15.188042640686036,"z":37.714759826660159},"rotation":{"x":0.18543480336666108,"y":0.6990585923194885,"z":-0.19573011994361878,"w":0.6622910499572754},"size":41.107505798339847,"orthographic":false}