{"cameraMode":{"drawMode":0,"name":"Shaded","section":"Shading Mode"},"sceneLighting":true,"audioPlay":false,"sceneViewState":{"showFog":false,"showMaterialUpdate":false,"showSkybox":false,"showFlares":false,"showImageEffects":false,"showParticleSystems":false},"in2DMode":false,"pivot":{"x":-17.061397552490236,"y":1.5580945014953614,"z":51.50389099121094},"rotation":{"x":-0.002168369945138693,"y":-0.669424831867218,"z":0.001176581485196948,"w":-0.7430693507194519},"size":8.5790433883667,"orthographic":false}