{"cameraMode":{"drawMode":0,"name":"Shaded","section":"Shading Mode"},"sceneLighting":false,"audioPlay":false,"sceneViewState":{"showFog":false,"showMaterialUpdate":false,"showSkybox":false,"showFlares":false,"showImageEffects":false,"showParticleSystems":false},"in2DMode":false,"pivot":{"x":4.189136981964111,"y":-4.903134822845459,"z":30.156055450439454},"rotation":{"x":0.22395412623882295,"y":0.07244120538234711,"z":-0.01668049767613411,"w":0.9717915058135986},"size":4.290853500366211,"orthographic":false}