{"cameraMode":{"drawMode":0,"name":"Shaded","section":"Shading Mode"},"sceneLighting":false,"audioPlay":false,"sceneViewState":{"showFog":false,"showMaterialUpdate":false,"showSkybox":false,"showFlares":false,"showImageEffects":false,"showParticleSystems":false},"in2DMode":false,"pivot":{"x":5.833117961883545,"y":2.0658321380615236,"z":1.5419979095458985},"rotation":{"x":-0.03886688873171806,"y":-0.5131013989448547,"z":0.023259149864315988,"w":-0.8571396470069885},"size":4.469690799713135,"orthographic":false}