{"cameraMode":{"drawMode":0,"name":"Shaded","section":"Shading Mode"},"sceneLighting":true,"audioPlay":false,"sceneViewState":{"showFog":false,"showMaterialUpdate":false,"showSkybox":false,"showFlares":false,"showImageEffects":false,"showParticleSystems":false},"in2DMode":false,"pivot":{"x":-3.625998020172119,"y":0.4051227569580078,"z":3.6595077514648439},"rotation":{"x":-0.1411016583442688,"y":-0.6368134617805481,"z":0.11956920474767685,"w":-0.7486686110496521},"size":10.367766380310059,"orthographic":false}