{"cameraMode":{"drawMode":0,"name":"Shaded","section":"Shading Mode"},"sceneLighting":false,"audioPlay":false,"sceneViewState":{"showFog":false,"showMaterialUpdate":false,"showSkybox":false,"showFlares":false,"showImageEffects":false,"showParticleSystems":false},"in2DMode":false,"pivot":{"x":1.1236201524734498,"y":-4.933086395263672,"z":33.37089920043945},"rotation":{"x":-0.1555882841348648,"y":-0.508115828037262,"z":0.09329331666231156,"w":-0.8421370387077332},"size":1.3958404064178467,"orthographic":false}