{"cameraMode":{"drawMode":0,"name":"Shaded","section":"Shading Mode"},"sceneLighting":false,"audioPlay":false,"sceneViewState":{"showFog":false,"showMaterialUpdate":false,"showSkybox":false,"showFlares":false,"showImageEffects":false,"showParticleSystems":false},"in2DMode":false,"pivot":{"x":-9.68596076965332,"y":2.4157934188842775,"z":29.28016471862793},"rotation":{"x":-0.36403942108154299,"y":0.07311444729566574,"z":-0.029640382155776025,"w":-0.9282991290092468},"size":28.38829231262207,"orthographic":false}