{"cameraMode":{"drawMode":0,"name":"Shaded","section":"Shading Mode"},"sceneLighting":true,"audioPlay":false,"sceneViewState":{"showFog":false,"showMaterialUpdate":false,"showSkybox":false,"showFlares":false,"showImageEffects":false,"showParticleSystems":false},"in2DMode":false,"pivot":{"x":-13.958019256591797,"y":4.638607025146484,"z":62.37626647949219},"rotation":{"x":-0.16457341611385346,"y":-0.01047550793737173,"z":0.001253139809705317,"w":-0.9864159822463989},"size":4.096624851226807,"orthographic":false}