{"cameraMode":{"drawMode":0,"name":"Shaded","section":"Shading Mode"},"sceneLighting":false,"audioPlay":false,"sceneViewState":{"showFog":false,"showMaterialUpdate":false,"showSkybox":false,"showFlares":false,"showImageEffects":false,"showParticleSystems":false},"in2DMode":false,"pivot":{"x":3.108078956604004,"y":-8.488553047180176,"z":9.143610000610352},"rotation":{"x":-0.2223743498325348,"y":-0.16534143686294557,"z":0.03737855702638626,"w":-0.9603333473205566},"size":3.789567232131958,"orthographic":false}