{"cameraMode":{"drawMode":0,"name":"Shaded","section":"Shading Mode"},"sceneLighting":true,"audioPlay":false,"sceneViewState":{"showFog":false,"showMaterialUpdate":false,"showSkybox":false,"showFlares":false,"showImageEffects":false,"showParticleSystems":false},"in2DMode":false,"pivot":{"x":1071.036376953125,"y":2096.52587890625,"z":32.11528778076172},"rotation":{"x":0.31802326440811159,"y":0.045875195413827899,"z":-0.01523778960108757,"w":0.9469454884529114},"size":365.1051025390625,"orthographic":false}