{"cameraMode":{"drawMode":0,"name":"Shaded","section":"Shading Mode"},"sceneLighting":true,"audioPlay":false,"sceneViewState":{"showFog":false,"showMaterialUpdate":false,"showSkybox":false,"showFlares":false,"showImageEffects":false,"showParticleSystems":false},"in2DMode":false,"pivot":{"x":-2.866893768310547,"y":0.935387134552002,"z":0.4152255058288574},"rotation":{"x":0.15404477715492249,"y":0.13040561974048615,"z":-0.020331738516688348,"w":0.9793041944503784},"size":0.7616089582443237,"orthographic":false}