{"cameraMode":{"drawMode":0,"name":"Shaded","section":"Shading Mode"},"sceneLighting":true,"audioPlay":false,"sceneViewState":{"showFog":false,"showMaterialUpdate":false,"showSkybox":false,"showFlares":false,"showImageEffects":false,"showParticleSystems":false},"in2DMode":false,"pivot":{"x":15.793484687805176,"y":0.7098701596260071,"z":17.314453125},"rotation":{"x":-0.05003625154495239,"y":-0.2193114459514618,"z":0.011261808685958386,"w":-0.9743136763572693},"size":12.12606143951416,"orthographic":false}