{"cameraMode":{"drawMode":0,"name":"Shaded","section":"Shading Mode"},"sceneLighting":false,"audioPlay":false,"sceneViewState":{"showFog":false,"showMaterialUpdate":false,"showSkybox":false,"showFlares":false,"showImageEffects":false,"showParticleSystems":false},"in2DMode":false,"pivot":{"x":10.262815475463868,"y":2.476215124130249,"z":-5.286305904388428},"rotation":{"x":-0.23406672477722169,"y":-0.22601473331451417,"z":0.05582336336374283,"w":-0.9440098404884338},"size":2.232980251312256,"orthographic":false}