{"cameraMode":{"drawMode":0,"name":"Shaded","section":"Shading Mode"},"sceneLighting":false,"audioPlay":false,"sceneViewState":{"showFog":false,"showMaterialUpdate":false,"showSkybox":false,"showFlares":false,"showImageEffects":false,"showParticleSystems":false},"in2DMode":false,"pivot":{"x":-0.009239403530955315,"y":0.09939441084861756,"z":0.019627751782536508},"rotation":{"x":0.06840793043375015,"y":0.23798398673534394,"z":-0.01680472306907177,"w":0.9687139391899109},"size":0.8878335356712341,"orthographic":false}