{"cameraMode":{"drawMode":0,"name":"Shaded","section":"Shading Mode"},"sceneLighting":true,"audioPlay":false,"sceneViewState":{"showFog":false,"showMaterialUpdate":false,"showSkybox":false,"showFlares":false,"showImageEffects":false,"showParticleSystems":false},"in2DMode":false,"pivot":{"x":9.155494689941407,"y":-7.436223030090332,"z":51.638404846191409},"rotation":{"x":-0.14428313076496125,"y":-0.1880122274160385,"z":0.027094880118966104,"w":-0.971389889717102},"size":39.503379821777347,"orthographic":false}