{"cameraMode":{"drawMode":0,"name":"Shaded","section":"Shading Mode"},"sceneLighting":true,"audioPlay":false,"sceneViewState":{"showFog":false,"showMaterialUpdate":false,"showSkybox":false,"showFlares":false,"showImageEffects":false,"showParticleSystems":false},"in2DMode":false,"pivot":{"x":-8.058374404907227,"y":5.998507022857666,"z":6.606196403503418},"rotation":{"x":0.28729206323623659,"y":0.20525120198726655,"z":-0.06297091394662857,"w":0.9335713386535645},"size":7.383847713470459,"orthographic":false}